horario,id,classe,sentido,janela
16:30:01,25,carro,subindo,16:30
16:30:01,37,carro,descendo,16:30
16:30:03,56,carro,subindo,16:30
16:30:03,44,carro,subindo,16:30
16:30:03,72,carro,descendo,16:30
16:30:05,100,carro,descendo,16:30
16:30:07,129,carro,descendo,16:30
16:30:07,148,carro,descendo,16:30
16:30:09,163,carro,descendo,16:30
16:30:11,195,carro,descendo,16:30
16:30:12,208,carro,descendo,16:30
16:30:18,342,carro,descendo,16:30
16:30:25,387,carro,subindo,16:30
16:31:29,764,carro,subindo,16:30
16:31:31,805,carro,descendo,16:30
16:31:33,831,carro,descendo,16:30
16:31:34,872,carro,descendo,16:30
16:31:37,948,carro,descendo,16:30
16:31:40,1002,carro,descendo,16:30
16:31:42,1044,carro,subindo,16:30
16:31:43,1099,carro,descendo,16:30
16:31:45,1127,carro,descendo,16:30
16:31:49,1179,carro,descendo,16:30
16:31:54,1263,carro,subindo,16:30
16:31:55,1276,carro,subindo,16:30
16:32:04,1423,carro,subindo,16:30
16:32:05,1441,carro,subindo,16:30
16:32:07,1465,carro,descendo,16:30
16:32:08,1472,carro,descendo,16:30
16:32:11,1548,carro,descendo,16:30
16:32:12,1551,carro,subindo,16:30
16:32:12,1554,carro,subindo,16:30
16:32:12,1562,carro,descendo,16:30
16:32:14,1606,carro,subindo,16:30
16:32:14,1613,carro,descendo,16:30
16:32:15,1614,carro,descendo,16:30
16:32:20,1668,carro,subindo,16:30
16:32:21,1713,carro,subindo,16:30
16:32:26,1769,carro,subindo,16:30
16:32:31,1832,carro,descendo,16:30
16:33:10,2449,carro,subindo,16:30
16:33:34,2903,carro,subindo,16:30
16:33:36,2925,carro,descendo,16:30
16:33:36,2941,carro,subindo,16:30
16:33:40,2983,carro,subindo,16:30
16:33:42,3056,carro,subindo,16:30
16:33:43,3067,carro,subindo,16:30
16:33:44,3083,carro,subindo,16:30
16:33:45,3094,carro,subindo,16:30
16:33:46,3115,carro,subindo,16:30
16:33:48,3151,carro,descendo,16:30
16:33:52,3246,carro,descendo,16:30
16:33:53,3250,carro,descendo,16:30
16:33:54,3272,carro,descendo,16:30
16:33:54,3275,carro,subindo,16:30
16:33:57,3300,carro,descendo,16:30
16:33:59,3372,carro,descendo,16:30
16:33:59,3378,carro,descendo,16:30
16:34:02,3439,carro,subindo,16:30
16:34:05,3493,carro,subindo,16:30
16:34:05,3509,carro,descendo,16:30
16:34:07,3534,carro,subindo,16:30
16:34:10,3583,carro,subindo,16:30
16:34:11,3594,carro,descendo,16:30
16:34:14,3668,carro,descendo,16:30
16:34:22,3773,carro,subindo,16:30
16:34:36,3901,carro,subindo,16:30
13:00:03,13,carro,descendo,13:00
13:00:03,23,carro,descendo,13:00
13:00:05,40,carro,subindo,13:00
13:00:07,45,carro,descendo,13:00
13:00:08,72,moto,descendo,13:00
13:00:11,92,moto,subindo,13:00
13:00:16,99,caminhao,descendo,13:00
13:00:20,116,caminhao,descendo,13:00
13:00:23,122,caminhao,subindo,13:00
13:00:28,130,caminhao,subindo,13:00
13:00:31,147,carro,subindo,13:00
13:00:33,143,carro,descendo,13:00
13:00:53,200,carro,descendo,13:00
13:01:16,247,moto,subindo,13:00
13:01:21,253,carro,subindo,13:00
13:01:24,277,carro,subindo,13:00
13:01:26,280,carro,descendo,13:00
13:01:28,288,carro,descendo,13:00
13:01:39,322,moto,subindo,13:00
13:01:50,360,caminhao,descendo,13:00
13:01:57,394,onibus,descendo,13:00
13:02:00,391,onibus,descendo,13:00
13:02:28,423,carro,descendo,13:00
13:02:30,441,carro,descendo,13:00
13:02:32,442,carro,descendo,13:00
13:02:41,470,carro,subindo,13:00
13:02:41,473,moto,subindo,13:00
13:02:50,505,carro,descendo,13:00
13:02:56,556,carro,descendo,13:00
13:02:57,570,carro,subindo,13:00
13:03:14,615,carro,descendo,13:00
13:03:15,619,moto,descendo,13:00
13:03:15,621,moto,descendo,13:00
13:03:16,627,moto,subindo,13:00
13:03:17,629,moto,subindo,13:00
13:03:26,665,carro,subindo,13:00
13:03:26,667,carro,descendo,13:00
13:03:32,694,carro,descendo,13:00
13:03:32,711,moto,descendo,13:00
13:03:44,796,moto,descendo,13:00
13:03:50,848,carro,descendo,13:00
13:03:59,918,carro,subindo,13:00
13:04:07,935,carro,descendo,13:00
13:04:17,968,carro,subindo,13:00
13:04:30,1002,caminhao,subindo,13:00
13:04:30,1010,onibus,descendo,13:00
13:04:32,1014,caminhao,subindo,13:00
13:04:40,1055,carro,descendo,13:00
13:04:44,1093,carro,descendo,13:00
13:04:46,1098,carro,descendo,13:00
13:04:48,1115,carro,descendo,13:00
13:04:49,1129,carro,descendo,13:00
13:05:08,1175,caminhao,descendo,13:00
13:05:15,1196,carro,descendo,13:00
13:05:15,1193,carro,subindo,13:00
13:05:15,1205,carro,subindo,13:00
13:05:16,1209,moto,descendo,13:00
13:05:16,1214,moto,descendo,13:00
